t_s,h_g1,h_g2,h_g3,h_g4,h_g5,vmax_g1,vmax_g2,vmax_g3,vmax_g4,vmax_g5
0.0,0.0,0.0,0.0,0.0,0.0,0.0,0.0,0.0,0.0,0.0
300.0,0.0001,0.0001,0.0001,0.0004,0.0002,0.0,0.0,0.0,0.0,0.0
600.0,0.0096,0.0005,0.0067,0.013,0.0086,0.0,0.0,0.0,0.485,0.0
900.0,0.0128,0.003,0.0109,0.0205,0.073,0.527,0.0,0.148,0.674,0.309
1200.1,0.0131,0.003,0.038,0.0229,0.0772,0.536,0.0,1.194,0.736,0.795
1500.1,0.0081,0.001,0.0038,0.0128,0.0708,0.537,0.0,1.194,1.805,1.027
1800.0,0.0049,0.0009,0.0058,0.0287,0.0694,0.537,0.0,1.194,1.805,1.027
2100.0,0.0025,0.0001,0.0172,0.0213,0.0642,0.537,0.0,1.194,1.805,1.027
2400.1,0.0016,0.0,0.0182,0.0147,0.0604,0.537,0.0,1.194,1.805,1.027
2700.0,0.0011,0.0,0.0158,0.0097,0.0597,0.537,0.0,1.194,1.805,1.027
3000.0,0.0008,0.0,0.0137,0.0068,0.0575,0.537,0.0,1.194,1.805,1.027
3300.0,0.0006,0.0,0.0121,0.0052,0.0555,0.537,0.0,1.194,1.805,1.027
